k,ord_S9,twin_S9
1,0.17869,0.12918
2,0.40303,0.35390
3,0.30992,0.34795
4,0.09678,0.14477
5,0.01124,0.02322
6,0.00035,0.00097
